Team,Stadium City,Stadium,Stadium ZIP Code
Arizona Cardinals,"Glendale, AZ",State Farm Stadium,85305
Atlanta Falcons,"Atlanta, GA",Mercedes-Benz Stadium,30313
Baltimore Ravens,"Baltimore, MD",M&T Bank Stadium,21230
Buffalo Bills,"Orchard Park, NY",Highmark Stadium,14127
Carolina Panthers,"Charlotte, NC",Bank of America Stadium,28202
Chicago Bears,"Chicago, IL",Soldier Field,60605
Cincinnati Bengals,"Cincinnati, OH",Paycor Stadium,45202
Cleveland Browns,"Cleveland, OH",Huntington Bank Field,44114
Dallas Cowboys,"Arlington, TX",AT&T Stadium,76011
Denver Broncos,"Denver, CO",Empower Field at Mile High,80204
Detroit Lions,"Detroit, MI",Ford Field,48226
Green Bay Packers,"Green Bay, WI",Lambeau Field,54304
Houston Texans,"Houston, TX",NRG Stadium,77054
Indianapolis Colts,"Indianapolis, IN",Lucas Oil Stadium,46225
Jacksonville Jaguars,"Jacksonville, FL",EverBank Stadium,32202
Kansas City Chiefs,"Kansas City, MO",Arrowhead Stadium,64129
Las Vegas Raiders,"Las Vegas, NV",Allegiant Stadium,89118
Los Angeles Chargers,"Inglewood, CA",SoFi Stadium,90301
Los Angeles Rams,"Inglewood, CA",SoFi Stadium,90301
Miami Dolphins,"Miami Gardens, FL",Hard Rock Stadium,33056
Minnesota Vikings,"Minneapolis, MN",U.S. Bank Stadium,55415
New England Patriots,"Foxborough, MA",Gillette Stadium,02035
New Orleans Saints,"New Orleans, LA",Caesars Superdome,70112
New York Giants,"East Rutherford, NJ",MetLife Stadium,07073
New York Jets,"East Rutherford, NJ",MetLife Stadium,07073
Philadelphia Eagles,"Philadelphia, PA",Lincoln Financial Field,19145
Pittsburgh Steelers,"Pittsburgh, PA",Acrisure Stadium,15212
San Francisco 49ers,"Santa Clara, CA",Levi’s Stadium,95054
Seattle Seahawks,"Seattle, WA",Lumen Field,98134
Tampa Bay Buccaneers,"Tampa, FL",Raymond James Stadium,33607
Tennessee Titans,"Nashville, TN",Nissan Stadium,37203
Washington Commanders,"Landover, MD",Northwest Stadium,20785